<?xml version="1.0" encoding="UTF-8"?>
<beans xmlns="http://www.springframework.org/schema/beans"
       xmlns:xsi="http://www.w3.org/2001/XMLSchema-instance"
       xmlns:context="http://www.springframework.org/schema/context"
       xmlns:mvc="http://www.springframework.org/schema/mvc"
       xsi:schemaLocation="http://www.springframework.org/schema/beans
       http://www.springframework.org/schema/beans/spring-beans.xsd
       http://www.springframework.org/schema/context
       http://www.springframework.org/schema/context/spring-context.xsd
       http://www.springframework.org/schema/mvc
       http://www.springframework.org/schema/mvc/spring-mvc.xsd">


    <!--SpringMVC配置文件-->
    <!--声明组件扫描器-->
    <context:component-scan base-package="com.llx.crm.settings.web.controller"/>
    <context:component-scan base-package="com.llx.crm.workbench.web.controller"/>
    <context:component-scan base-package="com.llx.crm.exception"/>

    <!--<context:component-scan base-package="com.llx.crm"/>-->
    <!--声明视图解析器-->
    <bean class="org.springframework.web.servlet.view.InternalResourceViewResolver">
        <property name="prefix" value="/WEB-INF/jsp" />
        <property name="suffix" value=".jsp" />
    </bean>

    <!--声明注解驱动-->
    <mvc:annotation-driven/>

    <mvc:interceptors>
        <mvc:interceptor>
            <!--         攔截所有請求       -->
            <mvc:mapping path="/**"/>
            <!--         不攔截登錄頁面下的請求   -->
            <mvc:exclude-mapping path="/settings/user/login.do"/>
            <!--         不攔截跳轉登錄頁面下的請求   -->
            <mvc:exclude-mapping path="/settings/user/toLogin.do"/>
            <bean class="com.llx.crm.interceptor.LoginInterceptor"/>
        </mvc:interceptor>
    </mvc:interceptors>

    <!-- 配置文件上传解析器 id:必须是multipartResolver-->
    <bean id="multipartResolver" class="org.springframework.web.multipart.commons.CommonsMultipartResolver">
        <property name="maxUploadSize" value="#{1024*1024*80}"/>
        <property name="defaultEncoding" value="utf-8"/>
    </bean>

</beans>