<?xml version="1.0" encoding="UTF-8" ?>
<!DOCTYPE mapper
        PUBLIC "-//mybatis.org//DTD Mapper 3.0//EN"
        "http://mybatis.org/dtd/mybatis-3-mapper.dtd">

<mapper namespace="com.llx.crm.settings.dao.DictionaryTypeDao">
<!--    List<DicType> findAll();-->
    <select id="findAll" resultType="DicType">
        select * from tbl_dic_type
    </select>

    <select id="checkCode" resultType="int">
        select count(*) from tbl_dic_type where code = #{code}
    </select>

<!--    void saveDicType(DicType dicType);-->
<insert id="saveDicType">
    insert into tbl_dic_type (code,name,description)
    values (#{code},#{name},#{description})
</insert>

<!--    DicType findByCode(String code);-->
    <select id="findByCode" resultType="DicType">
        select * from tbl_dic_type where code = #{code}
    </select>

<!--    int updateByID(DicType dicType);-->
    <update id="updateByID">
        update tbl_dic_type set name =#{name},description=#{description} where code=#{code}
    </update>

<!--    int typeDelete(String code);-->
    <delete id="typeDelete" >
        delete from tbl_dic_type where code = #{code}
    </delete>
</mapper>